"1","a 100","""100, a hundred, one hundred"""
"2","a 1000","""1000, a thousand, one thousand"""
"3","a 11","an 11"
"4","a 11th","an 11th"
"5","a 18","an 18"
"6","a 18th","an 18th"
"7","a 8","an 8"
"8","a 80","an 80"
"9","a 8th","an 8th"
"10","a absolute","an absolute"
"11","a accident","an accident"
"12","a acoustic","an acoustic"
"13","a acronym","an acronym"
"14","a action","an action"
"15","a actual","an actual"
"16","a additional","an additional"
"17","a affair","an affair"
"18","a African","an African"
"19","a album","an album"
"20","a Algerian","an Algerian"
"21","a alien","an alien"
"22","a alternative","an alternative"
"23","a AM","an AM"
"24","a amateur","an amateur"
"25","a American","an American"
"26","a amount","an amount"
"1313","Although,","However,"
"28","a analog","an analog"
"29","a analogue","an analogue"
"30","a angle","an angle"
"31","a Angolan","an Angolan"
"32","a annual","an annual"
"33","a another","another"
"34","a antenna","an antenna"
"35","a anti","an anti"
"36","a Arabian","an Arabian"
"37","a Arabic","an Arabic"
"38","a Argentine","an Argentine"
"39","a Armenian","an Armenian"
"40","a Asian","an Asian"
"41","a assistant","an assistant"
"42","a associate","an associate"
"43","a Australian","an Australian"
"44","a Austrian","an Austrian"
"45","a average","an average"
"46","a back up","""a back-up, a backup"""
"47","a bacteria","""a bacterium [singular], bacteria [plural]"""
"48","a batsmen","a batsman [singular]"
"49","a businessmen","a businessman [singular]"
"50","a businesswomen","a businesswoman"
"51","a consortia","a consortium [singular]"
"52","a criteria","a criterion [singular]"
"53","a dominate","a dominant"
"54","a early","an early"
"55","a effective","an effective"
"56","a Egyptian","an Egyptian"
"57","a eight","an eight"
"58","a eighth","an eighth"
"59","a eighteen","an eighteen"
"60","a eighteenth","an eighteenth"
"61","a eighty","an eighty"
"62","a electric","an electric"
"63","a electronic","an electronic"
"64","a eleven","an eleven"
"65","a eleventh","an eleventh"
"66","a elite","an elite"
"67","a embedded","an embedded"
"68","a English","an English"
"69","a entire","an entire"
"70","a EP","an EP"
"71","a epic","an epic"
"72","a episode","an episode"
"73","a equal","an equal"
"74","a estimate","an estimate"
"75","a Ethiopian","an Ethiopian"
"76","a ethnic","an ethnic"
"77","a example","an example"
"78","a extra","an extra"
"79","a falling out","a falling-out [though Wiktionary has both]"
"80","a firemen","a fireman [singular]"
"81","a flagella","a flagellum [singular]"
"82","a FM","an FM"
"83","a freshmen","a freshman [singular]"
"84","a fungi","a fungus [singular]"
"85","a gunmen","a gunman [singular]"
"86","a impact","an impact"
"87","a independent","an independent"
"88","a Indian","an Indian"
"89","a individual","an individual"
"90","a Indonesian","an Indonesian"
"91","a indoor","an indoor"
"92","a information","an information"
"93","a initiative","an initiative"
"94","a intelligent","an intelligent"
"95","a interesting","an interesting"
"96","a interim","an interim"
"97","a interior","an interior"
"98","a intermediate","an intermediate"
"99","a international","an international"
"100","a Internet","an Internet"
"101","a intersection","an intersection"
"102","a interview","an interview"
"103","a introduction","an introduction"
"104","a Iranian","an Iranian"
"105","a Iraqi","an Iraqi"
"106","a Irish","an Irish"
"107","a iron","an iron"
"108","a island","an island"
"109","a Israeli","an Israeli"
"110","a issue","an issue"
"111","a Italian","an Italian"
"112","a larvae","a larva [singular]"
"113","a line up","""a line-up, a lineup"""
"114","a lock out","a lockout"
"115","a lose","a loss"
"116","a match up","""a match-up, a matchup"""
"117","a media for","a medium for"
"118","a nuclei","a nucleus [singular]"
"119","a ocean","an ocean"
"120","a official","an official"
"121","a Ohio","an Ohio"
"122","a oil","an oil"
"123","a old","an old"
"124","a one of the","one of the"
"125","a online","an online"
"126","a only","""an only, only a"""
"127","a only a","only a"
"128","a opinion","an opinion"
"129","a organization","an organization"
"130","a original","an original"
"131","a other","an other"
"132","a outbreak","an outbreak"
"133","a outdoor","an outdoor"
"134","a outside","an outside"
"135","a overtime","an overtime"
"136","a owner","an owner"
"137","a paparazzi","""a paparazzo [singular], paparazzi [plural]"""
"138","a parentheses","a parenthesis [singular]"
"139","a phenomena","""a phenomenon [singular], phenomena [plural]"""
"140","a protozoa","""a protozoon [singular], protozoa [plural]"""
"141","a pupae","a pupa [singular]"
"142","a radii","a radius [singular]"
"143","a run in","a run-in"
"144","a set back","""a set-back, a setback"""
"145","a set up","a setup"
"146","a simple as","as simple as"
"147","a spermatozoa","a spermatozoon [singular]"
"148","a statesmen","a statesman [singular]"
"149","a taxa","a taxon [singular]"
"150","a toss up","""a toss-up, a tossup"""
"151","a two months","a two-month"
"152","a ultimate","an ultimate"
"153","a undercover","an undercover"
"154","a underground","an underground"
"155","a unfortunate","an unfortunate"
"156","a unusual","an unusual"
"157","a upper","an upper"
"158","a urban","an urban"
"159","a vertebrae","a vertebra [singular]"
"160","a women","a woman [singular]"
"161","a work out","a workout"
"162","Aboriginal decent","Aboriginal descent"
"163","about it's   "," about its [possessive]"
"164","about they're  "," about their [possessive]"
"165","about who to","about whom to"
"166","about who's  "," about whose [possessive]"
"167","above it's   "," above its [possessive]"
"168","AC current","""AC, alternating current"""
"169","ACL ligament","""ACL, anterior cruciate ligament"""
"170","across it's  "," across its [possessive]"
"171","affect on","effect on"
"172","affect upon","effect upon"
"173","affects of","effects of"
"174","African decent","African descent"
"175","after along time","after a long time"
"176","after awhile","after a while [noun]"
"177","after been","after being"
"178","after it's   "," after its [possessive]"
"179","after quite awhile","after quite a while"
"180","against it's   "," against its [possessive]"
"181","against who","against whom"
"182","ago since","since"
"183","agree in principal","agree in principle"
"184","agreement in principal","agreement in principle"
"185","Air Canada Center","Air Canada Centre"
"186","airplane hanger","airplane hangar"
"187","Albanian decent","Albanian descent"
"188","all for not","all for naught"
"189","all it's   "," all its"
"190","all though","although"
"191","all tolled","all told"
"192","allot of","a lot of"
"193","alma matter","alma mater"
"194","along it's   "," along its [possessive]"
"195","along side","alongside"
"196","along time","a long time"
"197","alongside it's   "," alongside its [possessive]"
"198","alongside with","""along with, alongside"""
"199","also know as","also known as"
"200","also know by","also known by"
"201","also know for","also known for"
"202","alter boy","altar boy"
"203","alter server","altar server"
"204","AM in the morning","""AM, in the morning"""
"205","am loathe to","am loath to [adjective]"
"206","American decent","American descent"
"207","amid it's  "," amid its [possessive]"
"208","amidst it's  "," amidst its [possessive]"
"209","among it's   "," among its [possessive]"
"210","among others things","among other things"
"211","amongst it's   "," amongst its [possessive]"
"212","an affect","an effect"
"213","an alumnae of","an alumna of [singular]"
"214","an alumni of","an alumnus of [singular]"
"215","an another","another"
"216","an antennae","an antenna [singular]"
"217","an British","a British"
"218","an Canadian","a Canadian"
"219","an European","a European"
"220","an head","a head"
"221","an hero","a hero"
"222","an new","a new"
"223","an nine","a nine"
"224","an number","a number"
"225","an other","another"
"226","an Scottish","a Scottish"
"227","an seven","a seven"
"228","an six","a six"
"229","an ten","a ten"
"230","an unit","a unit"
"231","an Unix","a Unix"
"232","an USB","a USB"
"233","and etc","etc"
"234","and so fourth","and so forth"
"235","another criteria","another criterion [singular]"
"236","another wise","an otherwise"
"237","another words","""in other words, other words"""
"238","any where","anywhere"
"239","anyways","anyway"
"240","apart form","apart from"
"241","apart of","""a part of, apart from"""
"242","are aloud to","are allowed to"
"243","are been","""are being, have been"""
"244","are build","are built"
"245","are can","can"
"246","are have","have"
"247","are it's   "," are its [possessive]"
"248","are know as","are known as"
"249","are know by","are known by"
"250","are know for","are known for"
"251","are know to","are known to"
"252","are lain","are laid"
"253","are lead by","are led by"
"254","are loathe to","are loath to [adjective]"
"255","are ran by","are run by"
"256","are renown","are renowned"
"257","are set-up","are set up"
"258","are setup","are set up"
"259","are shutdown","are shut down"
"260","are shutout","are shut out"
"261","are suppose to","are supposed to"
"262","are the dominate","are the dominant"
"263","are use to","are used to"
"264","are were","""are, are where, were"""
"265","Armenian decent","Armenian descent"
"266","around it's  "," around its [possessive]"
"267","as a resulted","as a result"
"268","as apposed to","as opposed to"
"269","as back up","as backup"
"270","as been","""as being, has been"""
"271","as followed","as follows"
"272","as it's  "," as its [possessive]"
"273","as oppose to","as opposed to"
"274","Asian decent","Asian descent"
"275","aside it's   "," aside its [possessive]"
"276","assume the reigns","assume the reins"
"277","assume the roll","assume the role"
"278","at it's  "," at its [possessive]"
"279","at the alter","at the altar"
"280","at the reigns","at the reins"
"281","ATM machine","""ATM, automated teller machine"""
"282","away form","away from"
"283","back and fourth","back and forth"
"284","back drop","backdrop"
"285","back fire","backfire [verb]"
"286","back in forth","back and forth"
"287","back peddle","backpedal"
"288","back round","background"
"289","badly effected","badly affected"
"290","baited breath","bated breath"
"291","baled out","bailed out [though Wiktionary and the COD allow both spellings]"
"292","baling out","bailing out [ditto]"
"293","barb wire","barbed wire"
"294","bare in mind","bear in mind"
"295","based off","based on"
"296","based out of","based in"
"297","basic principal","basic principle"
"298","be build","be built"
"299","be cause","because"
"300","be drew","be drawn"
"301","be it's  "," be its"
"302","be know as","be known as"
"303","be lain","be laid"
"304","be lead by","be led by"
"305","be loathe to","be loath to"
"306","be ran","be run"
"307","be rode","be ridden"
"308","be set-up","be set up"
"309","be setup","be set up"
"310","be use to","be used to"
"311","be ware","beware"
"312","became know","became known"
"313","became to be","""became, came to be"""
"314","because of it's  "," because of its"
"315","because of the fact that","because"
"316","been a while","been awhile"
"317","been build","been built"
"318","been it's  "," been its"
"319","been know","been known"
"320","been lain","been laid"
"321","been lead by","been led by"
"322","been loathe to","been loath to"
"323","been ran","been run"
"324","been rode","been ridden"
"325","been set-up","been set up [verb]"
"326","been setup","been set up"
"327","been show on","been shown on"
"328","been use to","been used to"
"329","before hand","beforehand"
"330","before it's  "," before its"
"331","behind it's  "," behind its"
"332","being build","being built"
"333","being giving","""been giving, being given"""
"334","being it's   "," being its"
"335","being lain","being laid"
"336","being lead by","being led by"
"337","being loathe to","being loath to"
"338","being ran","being run"
"339","being rode","being ridden"
"340","being set-up","being set up"
"341","being setup","being set up"
"342","being show on","being shown on"
"343","being taking","""been taking, being taken"""
"344","below it's   "," below its"
"345","beneath it's   "," beneath its"
"346","beside it's  "," beside its"
"347","besides it's   "," besides its"
"348","better know as","better known as"
"349","better know for","better known for"
"350","better that","better than"
"351","better then","better than"
"352","between he and","between him and"
"353","between I and","between me and"
"354","between it's   "," between its"
"355","between she and","between her and"
"356","between they and","between them and"
"357","beyond it's  "," beyond its"
"358","""Bogota, Columbia ""","""Bogot"
"359","both it's  "," both its"
"360","both of it's   "," both of its"
"361","both of them is","both of them are"
"362","brake away","break away"
"363","breath fire","breathe fire"
"364","breathe a sign of relief","breathe a sigh of relief"
"365","brew haha","brouhaha"
"366","Brinsley Schwartz","Brinsley Schwarz"
"367","by fisherman","by fishermen"
"368","by it's  "," by its"
"369","by who's   "," by whose"
"370","can backup","can back up"
"371","can been","can be"
"372","can blackout","can black out"
"373","can breath","can breathe"
"374","can checkout","can check out"
"375","can playback","can play back"
"376","can setup","can set up"
"377","can tryout","can try out"
"378","can workout","can work out"
"379","can't breath   "," can't breathe"
"380","card shark","card sharp"
"381","chalk full","chock-full"
"382","chocked full","chock-full"
"383","chomping at the bit","champing at the bit"
"384","close proximity","""closeness, proximity"""
"385","commonly know as","commonly known as"
"386","commonly know for","commonly known for"
"387","comprise of","""comprise, consist of"""
"388","comprised almost entirely of","""composed almost entirely of, consisting almost entirely of"""
"389","comprised chiefly of","""composed chiefly of, comprised chiefly, consisting chiefly of"""
"390","comprised entirely of","""composed entirely of, consisting entirely of"""
"391","comprised exclusively of","""composed exclusively of, consisting exclusively of"""
"392","comprised generally of","""composed generally of, comprised generally, consisting generally of"""
"393","comprised largely of","""composed largely of, consisting largely of"""
"394","comprised mainly of","""composed mainly of, comprised mainly, consisting mainly of"""
"395","comprised mostly of","""composed mostly of, consisting mostly of"""
"396","comprised of","""composed of, comprised, consisting of"""
"397","comprised only of","""composed only of, comprised only, consisting only of"""
"398","comprised primarily of","composed primarily of"
"399","comprised principally of","composed principally of"
"400","comprised totally of","""composed totally of, comprised totally, consisting totally of"""
"401","comprised wholly of","""composed wholly of, consisting wholly of"""
"402","comprises entirely of","""comprises entirely, consists entirely of"""
"403","comprises exclusively of","""comprises exclusively, composed exclusively of"""
"404","comprises mainly of","""comprises mainly, consists mainly of"""
"405","comprises mostly of","""comprises mostly, consists mostly of"""
"406","comprises of","""comprises, consists of"""
"407","comprises only of","""comprises only, composed only of, consists only of"""
"408","comprising chiefly of","""comprising chiefly, consisting chiefly of"""
"409","comprising entirely of","""comprising entirely, consisting entirely of"""
"410","comprising exclusively of","""comprising exclusively, consisting exclusively of"""
"411","comprising generally of","""comprising generally, consisting generally of"""
"412","comprising largely of","""comprising largely, consisting largely of"""
"413","comprising mainly of","""comprising mainly, consisting mainly of"""
"414","comprising mostly of","""comprising mostly, consisting mostly of"""
"415","comprising of","""comprising, consisting of"""
"416","comprising only of","""comprising only, consisting only of"""
"417","comprising primarily of","""comprising primarily, consisting primarily of"""
"418","comprising principally of","""comprising principally, consisting principally of"""
"419","comprising totally of","""comprising totally, consisting totally of"""
"420","comprising wholly of","""comprising wholly, consisting wholly of"""
"421","constellation prize","consolation prize"
"422","constitutes of","""consists of, constitutes"""
"423","construction sight","construction site"
"424","contains of","""consists of, contains"""
"425","could backup","could back up"
"426","could breath","could breathe"
"427","could care less  "," couldn't care less"
"428","could of","could have"
"429","couldn't breath  "," couldn't breathe"
"430","daily regiment","daily regimen"
"431","DC current","""DC, direct current"""
"432","de factor","de facto"
"433","different tact","different tack"
"434","diffuse the situation","defuse the situation"
"435","diffuse the tension","defuse the tension"
"436","disc break","disc brake"
"437","dominate player","dominant player"
"438","dominate role","dominant role}"
"439","door jam","door jamb"
"440","down side","downside"
"441","drum breaks","drum brakes"
"442","due to the fact","because"
"443","during in","during"
"444","during it's  "," during its"
"445","during they're   "," during their"
"446","each alumni","each alumnus [singular]"
"447","each are","each is"
"448","each criteria","each criterion [singular]"
"449","each has their","each has its"
"450","each phenomena","each phenomenon [singular]"
"451","each vertebrae","each vertebra [singular]"
"452","easier then","easier than"
"453","egg yoke","egg yolk"
"454","either criteria","either criterion"
"455","either phenomena","either phenomenon"
"456","electrical current","electric current"
"457","eluded to","alluded to"
"458","en mass","en masse"
"459","even thought","even though"
"460","even tough","even though"
"461","eye brow","eyebrow"
"462","eye lash","eyelash"
"463","eye lid","eyelid"
"464","eye sight","eyesight"
"465","eye sore","eyesore"
"466","faired as well","fared as well"
"467","faired badly","fared badly"
"468","faired better","fared better"
"469","faired far","fared far"
"470","faired less","fared less"
"471","faired little","fared little"
"472","faired much","fared much"
"473","faired no better","fared no better"
"474","faired poorly","fared poorly"
"475","faired quite","fared quite"
"476","faired rather","fared rather"
"477","faired slightly","fared slightly"
"478","faired somewhat","fared somewhat"
"479","faired well","fared well"
"480","faired worse","fared worse"
"481","farther then","farther than"
"482","faster then","faster than"
"483","figure head","figurehead"
"484","first and foremost","""first, foremost"""
"485","First Word War","First World War"
"486","flag ship","flagship"
"487","flow of current","""current, flow of charge"""
"488","flow of electric current","""electric current, flow of electric charge"""
"489","follow suite","follow suit"
"490","for all intensive purposes","for all intents and purposes"
"491","for along time","for a long time"
"492","for awhile","for a while"
"493","for it's   "," for its"
"494","for quite awhile","for quite a while"
"495","forgone conclusion","foregone conclusion"
"496","formally know as","formerly known as - but only if the change can be verified"
"497","formerly know as","formerly known as"
"498","forth place","fourth place"
"499","free reign","free rein"
"500","freshman are","""freshman is, freshmen are"""
"501","full compliment of","full complement of"
"502","get pass","get past"
"503","get setup","get set up"
"504","get use to","get used to"
"505","getting use to","getting used to"
"506","going threw","going through"
"507","got ran","got run"
"508","got setup","got set up"
"509","got shutdown","got shut down"
"510","got shutout","got shut out"
"511","ground work","groundwork"
"512","guest stared","guest-starred"
"513","had arose","had arisen"
"514","had aroke","had awoken"
"515","had became","had become"
"516","had began","had begun"
"517","had being","had been"
"518","had bore","had borne"
"519","had broke","had broken"
"520","had brung","had brought"
"521","had came","had come"
"522","had chose","had chosen"
"523","had comeback","had come back"
"524","had did","had done"
"525","had drank","had drunk"
"526","had drew","had drawn"
"527","had drove","had driven"
"528","had fell","had fallen"
"529","had flew","had flown"
"530","had forbad","had forbidden"
"531","had forbade","had forbidden"
"532","had gave","had given"
"533","had grew","had grown"
"534","had it's   "," had its"
"535","had lead to","had led to"
"536","had overtook","had overtaken"
"537","had plead","""had pleaded, had pled"""
"538","had ran","had run"
"539","had rang","had rung"
"540","had rode","had ridden"
"541","had rose","had risen"
"542","had sang","had sung"
"543","had saw","had seen"
"544","had set-up","had set up"
"545","had setup","had set up"
"546","had shook","had shaken"
"547","had sowed","had sown"
"548","had spoke","had spoken"
"549","had sprang","had sprung"
"550","had swam","had swum"
"551","had threw","had thrown"
"552","had throve","""had thriven, had thrived"""
"553","had thunk","had thought"
"554","had took","had taken"
"555","had trod","had trodden"
"556","had undertook","had undertaken"
"557","had underwent","had undergone"
"558","had went","had gone"
"559","had woke","had woken"
"560","had wrote","had written"
"561","hand the reigns","hand the reins"
"562","has arose","has arisen"
"563","has became","has become"
"564","has began","""began, has begun"""
"565","has build","has built"
"566","has drank","has drunk"
"567","has it's   "," has its"
"568","has lead to","has led to"
"569","has ran","has run"
"570","had rang","has rung"
"571","has sang","has sung"
"572","has setup","has set up"
"573","has shook","has shaken"
"574","has spoke","has spoken"
"575","has sprang","has sprung"
"576","has swam","has swum"
"577","has threw","has thrown"
"578","has throve","""has thriven, has thrived"""
"579","has thunk","has thought"
"580","has took","has taken"
"581","has trod","has trodden"
"582","has undertook","has undertaken"
"583","has underwent","has undergone"
"584","has was","""he was, was"""
"585","has went","has gone"
"586","has woke","has woken"
"587","has wrote","has written"
"588","have drank","have drunken"
"589","have it's  "," have its"
"590","have lead to","have led to"
"591","have ran","have run"
"592","have sang","have sung"
"593","have setup","have set up"
"594","have sprang","have sprung"
"595","have swam","have swum"
"596","have took","have taken"
"597","have underwent","have undergone"
"598","have went","have gone"
"599","having being","having been"
"600","having ran","having run"
"601","having sang","having sung"
"602","having setup","having set up"
"603","having swam","having swum"
"604","having took","having taken"
"605","having went","having gone"
"606","hay day","heyday"
"607","he begun","he began"
"608","he garnished","he garnered"
"609","he let's   "," he lets"
"610","he plead","""he pleaded, he pled"""
"611","he seen","he saw"
"612","he use to","he used to"
"613","he's drank   "," he's drunk"
"614","head gear","headgear"
"615","head quarters","headquarters"
"616","head stone","headstone"
"617","head wear","headwear"
"618","held the reigns","held the reins"
"619","help and make","help to make"
"620","higher then","higher than"
"621","hit the breaks","hit the brakes"
"622","hold onto","hold on to"
"623","hold the reigns","hold the reins"
"624","holding the reigns","holding the reins"
"625","holds the reigns","holds the reins"
"626","hone in on","home in on"
"627","how ever","however"
"628","imminent domain","eminent domain"
"629","in affect","in effect"
"630","in along time","in a long time"
"631","in anyway","in any way"
"632","in awhile","in a while"
"633","in close proximity to","""close to, in proximity to"""
"634","in edition to","in addition to"
"635","in it's  "," in its"
"636","in January 1","""on January 1, etc."""
"637","in masse","""en masse, in massam"""
"638","in parenthesis","in parentheses"
"639","in placed","in place"
"640","in principal","in principle"
"641","in quite awhile","in quite a while"
"642","in stead of","instead of"
"643","in tact","intact"
"644","in the long-term","in the long term"
"645","in the short-term","in the short term"
"646","in titled","entitled"
"647","in vein","in vain"
"648","incase of","in case of"
"649","inorder to","in order to"
"650","into affect","into effect"
"651","is also know","is also known"
"652","is be ","""is, is to be"""
"653","is been","""has been, is being"""
"654","is comprised from","comprises"
"655","is comprised with","comprises"
"656","is contained of","contains"
"657","is front of","""in front of, is in front of"""
"658","is has","""has, it has"""
"659","is know to be","is known to be"
"660","is lead by","is led by"
"661","is loathe to","is loath to"
"662","is ran by","is run by"
"663","is renown for","is renowned for"
"664","is setup","is set up"
"665","is use to","is used to"
"666","it begun","it began"
"667","it comprises of","it comprises"
"668","it lead to","it led to"
"669","it lied","it lay"
"670","it self","itself"
"671","it setup","it set up"
"672","it use to","it used to"
"673","it's 10th  "," its 10th"
"674","it's 4th   "," its 4th"
"675","it's 5th   "," its 5th"
"676","it's advantage   "," its advantage"
"677","it's aim   "," its aim"
"678","it's annual  "," its annual"
"679","it's best  "," its best"
"680","it's class   "," its class"
"681","it's color   "," its color [Amer]"
"682","it's colour  "," its colour [Brit]"
"683","it's contents  "," its contents"
"684","it's course  "," its course"
"685","it's current   "," its current"
"686","it's debut   "," its debut"
"687","it's doors   "," its doors"
"688","it's eastern   "," its eastern"
"689","it's end   "," its end"
"690","it's entire  "," its entire"
"691","it's final   "," its final"
"692","it's first   "," its first"
"693","it's former  "," its former"
"694","it's fourth  "," its fourth"
"695","it's goal  "," its goal"
"696","it's highest   "," its highest"
"697","it's history   "," its history"
"698","it's home  "," its home"
"699","it's inception   "," its inception"
"700","it's initial   "," its initial"
"701","it's junction  "," its junction"
"702","it's kind  "," its kind"
"703","it's lack  "," its lack"
"704","it's last  "," its last"
"705","it's latest  "," its latest"
"706","it's lead  "," its lead"
"707","it's leader  "," its leader"
"708","it's length  "," its length"
"709","it's lowest  "," its lowest"
"710","it's maximum   "," its maximum"
"711","it's minimum   "," its minimum"
"712","it's money   "," its money"
"713","it's name  "," its name"
"714","it's north   "," its north"
"715","it's northern  "," its northern"
"716","it's original  "," its original"
"717","it's own   "," its own"
"718","it's peak  "," its peak"
"719","it's period  "," its period"
"720","it's previous  "," its previous"
"721","it's price   "," its price"
"722","it's primary   "," its primary"
"723","it's prime   "," its prime"
"724","it's purpose   "," its purpose"
"725","it's release   "," its release"
"726","it's rival   "," its rival"
"727","it's second  "," its second"
"728","it's south   "," its south"
"729","it's southern  "," its southern"
"730","it's successor   "," its successor"
"731","it's tail  "," its tail"
"732","it's target  "," its target"
"733","it's tenth   "," its tenth"
"734","it's theme   "," its theme"
"735","it's third   "," its third"
"736","it's timeslot  "," its timeslot"
"737","it's toll  "," its toll"
"738","it's total   "," its total"
"739","it's type  "," its type"
"740","it's way   "," its way"
"741","it's western   "," its western"
"742","it's worst   "," its worst"
"743","its is","it is"
"744","Jimmy Buffet","Jimmy Buffett"
"745","Jimmy Hendrix","Jimi Hendrix"
"746","jive with","jibe with"
"748","key note","keynote"
"750","lack there of","lack thereof"
"751","laid ahead","lay ahead"
"752","laid dormant","lay dormant"
"753","laid empty","lay empty"
"754","laid fallow","lay fallow"
"755","laid in state","lay in state"
"756","larger that","larger than"
"757","larger then","larger than"
"758","laughing stock","laughingstock"
"759","law suite","lawsuit"
"760","lay around","lie around"
"761","lay low","lie low"
"762","laying around","lying around"
"763","laying awake","lying awake"
"764","laying low","lying low"
"765","lays atop","lies atop"
"766","lays beside","lies beside"
"767","lays in","lies in"
"768","lays low","lies low"
"769","lays near","lies near"
"770","lays on","lies on"
"771","lead by","led by"
"772","lead roll","lead role"
"773","leading roll","leading role"
"774","less dominate","less dominant"
"775","less that","less than"
"776","less then","less than"
"777","lesser then","less than"
"778","life time","lifetime"
"779","lighter then","lighter than"
"780","lions share  "," lion's share"
"781","loose to","lose to"
"782","loosing effort","losing effort"
"783","loosing record","losing record"
"784","loosing season","losing season"
"785","loosing streak","losing streak"
"786","loosing team","losing team"
"787","loosing the","losing the"
"788","loosing to","losing to"
"789","lot's of   "," ""lots of, many, much"""
"790","lower that","lower than"
"791","lower then","lower than"
"792","made it's  "," made its"
"793","mainly know as","mainly known as"
"794","mainly know for","mainly known for"
"795","major roll","major role"
"796","make it's  "," make its"
"797","managerial reigns","managerial reins"
"798","mash potatoes","mashed potatoes"
"799","may been","""may be, may have been"""
"800","maybe be","may be"
"801","MCL ligament","""MCL, medial collateral ligament"""
"802","mean while","meanwhile"
"803","might of","might have"
"804","""Milwaukee, Oregon ""","""Milwaukie, Oregon"""
"805","minor roll","minor role"
"806","more dominate","more dominant"
"807","more often then","more often than [comparative]"
"808","more optimal","better"
"809","more that","more than"
"810","more then","more than [comparative]"
"811","most dominate","most dominant"
"812","most optimal","""best, optimal"""
"813","most populace","most populous"
"814","most well-known","best-known"
"815","mostly know as","mostly known as"
"816","mostly know for","mostly known for"
"817","must of","must have"
"818","mute point","moot point"
"819","nation wide","nationwide"
"820","near by","nearby"
"821","neither criteria","neither criterion"
"822","neither phenomena","neither phenomenon"
"823","Netherland Antilles","Netherlands Antilles"
"824","new comer","newcomer"
"825","next store","next-door"
"826","no where to","nowhere to"
"827","note worthy","noteworthy"
"828","now a days","nowadays"
"829","of been","""have been, of being"""
"830","of it's own  "," of its own"
"831","of who to","of whom to"
"832","oil barron","oil baron"
"833","on going","ongoing"
"834","on it's own  "," on its own"
"835","on-going","ongoing"
"836","one in the same","one and the same"
"837","one criteria","one criterion"
"838","one phenomena","one phenomenon"
"839","originally born in","born in"
"840","originally know as","originally known as"
"841","other then","other than"
"842","out grow","outgrow"
"843","out of sink","out of sync"
"844","out side","outside"
"845","over a 100","""over 100, over a hundred, over one hundred"""
"846","over a 1000","""over 1000, over a thousand, over one thousand"""
"847","over hear","overhear"
"848","over heard","overheard"
"849","over look","overlook"
"850","over looked","overlooked"
"851","over looking","overlooking"
"852","over rated","overrated"
"853","over seas","overseas"
"854","over see","oversee"
"855","over who to","over whom to"
"856","parent's house   "," parents' house"
"857","past away","""passed away, died"""
"858","past down","passed down"
"859","peak his interest","pique his interest"
"860","per say","per se"
"861","Phillips Arena","Philips Arena"
"862","player's union   "," players' union"
"863","playoff birth","playoff berth"
"864","Portland Trailblazers","Portland Trail Blazers"
"865","premier episode","premiere episode"
"866","principle action","principal action"
"867","principle activity","principal activity"
"868","principle actor","principal actor"
"869","principle advantage","principal advantage"
"870","principle advocate","principal advocate"
"871","principle agent","principal agent"
"872","principle aim","principal aim"
"873","principle area","principal area"
"874","principle artist","principal artist"
"875","principle assistant","principal assistant"
"876","principle attraction","principal attraction"
"877","principle author","principal author"
"878","principle branch","principal branch"
"879","principle cast","principal cast"
"880","principle caste","principal caste"
"881","principle cause","principal cause"
"882","principle character","principal character"
"883","principle church","principal church"
"884","principle city","principal city"
"885","principle component","principal component"
"886","principle composer","principal composer"
"887","principle goal","principal goal"
"888","principle group","principal group"
"889","principle method","principal method"
"890","principle office","principal office"
"891","principle officer","principal officer"
"892","principle owner","principal owner"
"893","principle photography","principal photography"
"894","principle source","principal source"
"895","principle student","principal student"
"896","principle town","principal town"
"897","put fourth","put forth"
"898","rather then","rather than"
"899","reek havoc","wreak havoc"
"900","reign in","rein in"
"901","reigned in","reined in"
"902","reigns of power","reins of power"
"903","reticence to","reluctance to"
"904","reticent to","reluctant to"
"905","role call","roll call"
"906","roll player","role player"
"907","runner up","runner-up"
"909","saddle up to","sidle up to"
"910","Second Word War","Second World War"
"911","set backs","setbacks"
"912","she begun","she began"
"913","she let's  "," she lets"
"914","she seen","she saw"
"915","she weighted","""she waited, she weighed"""
"916","short coming","shortcoming"
"917","shorter then","shorter than"
"918","shortly there after","shortly thereafter"
"919","should backup","should back up"
"920","should been","""should be, should have been"""
"921","should not of","should not have"
"922","should of","should have"
"923","should've went   "," should have gone"
"924","side affect","side effect"
"925","side kick","sidekick [person]"
"926","simply know as","simply known as"
"927","since it's   "," since its"
"928","since many years","for many years"
"929","since years","for years"
"930","single handily","single-handedly"
"931","site lines","sight lines"
"932","slight of hand","sleight of hand"
"933","slue of","slew of"
"934","smaller then","smaller than"
"935","smarter then","smarter than"
"936","sneak peak","sneak peek"
"937","some how","somehow"
"938","some one","someone"
"939","some what","somewhat"
"940","some where","somewhere"
"941","sometimes know as","sometimes known as"
"942","soon there after","soon thereafter"
"943","sooner then","sooner than"
"944","sophomore album","second album"
"945","sophomore single","second single"
"946","spilt among","split among"
"947","spilt between","split between"
"948","spilt into","split into"
"949","spilt up","split up"
"950","spinal chord","spinal cord"
"951","spitting image","spit and image"
"952","split in to","split into"
"953","sq ft","ft"
"954","sq in","in"
"955","sq km","km"
"956","sq mi","mi"
"957","squared feet","square feet"
"958","squared inches","square inches"
"959","squared kilometers","square kilometers"
"960","squared meters","square meters"
"961","squared miles","square miles"
"962","stale mate","stalemate"
"963","staring role","starring role"
"964","starring roll","starring role"
"965","stay a while","stay awhile"
"966","Stevie Ray Vaughn","Stevie Ray Vaughan"
"967","Straight of","Strait of [geography]"
"968","strike outs","strikeouts"
"969","stronger then","stronger than"
"970","suppose to","supposed to"
"971","take affect","take effect"
"972","take over the reigns","take over the reins"
"973","take the reigns","take the reins"
"974","taken the reigns","taken the reins"
"975","taking the reigns","taking the reins"
"976","teacher's union  "," teachers' union"
"977","ten times less than","one tenth as much as"
"978","than it's  "," than its"
"979","that maybe","that may be"
"980","the 1st of January","1 January etc"
"981","the are","they are"
"982","the break down","the breakdown"
"983","the break up","the breakup"
"984","the clamp down","the clampdown"
"985","the follow up","they follow-up"
"986","the had","they had"
"987","the much of the","much of the"
"988","the one of the","one of the"
"989","the were","they were"
"990","their are","there are"
"991","their had","there had"
"992","their has","there has"
"993","their have","there have"
"994","their is","there is"
"995","their was","there was"
"996","their were","there were"
"997","their would","there would"
"998","them selves","themselves"
"999","there after","thereafter"
"1000","there by","thereby"
"1001","there maybe","there may be"
"1002","there of","thereof"
"1003","there own","their own"
"1004","there where","there were"
"1005","these maybe","these may be"
"1006","these where","these were"
"1007","they garnished","they garnered"
"1008","they maybe","they may be"
"1009","they way","the way"
"1010","they where","they were"
"1011","this criteria","""these criteria [plural], this criterion [singular]"""
"1012","this lead to","this led to"
"1013","this maybe","this may be"
"1014","this phenomena","this phenomenon [singular]"
"1015","those maybe","those may be"
"1016","through it's  "," through its"
"1017","through out","""threw out, throughout"""
"1018","through the ringer","through the wringer"
"1019","throughout it's   "," throughout its"
"1020","time outs","timeouts"
"1021","to back fire","to backfire"
"1022","to back-off","to back off"
"1023","to back-up","to back up [verb]"
"1024","to backoff","to back off"
"1025","to backout","to back out"
"1026","to backup","to back up [verb]"
"1027","to bailout","to bail out"
"1028","to bath","to bathe"
"1029","to be build","to be built"
"1030","to be setup","to be set up"
"1031","to blackout","to black out"
"1032","to blastoff","to blast off [verb]"
"1033","to blowout","to blow out [verb]"
"1034","to blowup","to blow up [verb]"
"1035","to breakdown","to break down [verb]"
"1036","to breath","to breathe"
"1037","to buildup","to build up"
"1038","to built","to build"
"1039","to buyout","to buy out [verb]"
"1040","to chose","to choose"
"1041","to comeback","to come back [verb]"
"1042","to crackdown","to crack down [verb]"
"1043","to cutback","to cut back [verb]"
"1044","to dropout","to drop out [verb]"
"1045","to forego","to forgo"
"1046","to grown","to grow"
"1047","to have lead to","to have led to"
"1048","to holdout","to hold out [verb]"
"1049","to kickoff","to kick off [verb]"
"1050","to lit","to light"
"1051","to loath","to loathe [verb]"
"1052","to lockout","to lock out [verb]"
"1053","to markup","to mark up [verb]"
"1054","to pickup","to pick up [verb]"
"1055","to playback","to play back [verb]"
"1056","to rollback","to roll back [verb]"
"1057","to runaway","to run away [verb]"
"1058","to setup","to set up [verb]"
"1059","to shut-down","to shut down"
"1060","to shutdown","to shut down"
"1061","to spin-off","to spin off"
"1062","to spinoff","to spin off"
"1063","to takeover","to take over [verb]"
"1064","to that affect","to that effect"
"1065","to they're  "," to their"
"1066","to together","together"
"1067","to try and","to try to"
"1068","to tryout","to try out [verb]"
"1069","to turnaround","to turn around"
"1070","to turnoff","to turn off"
"1071","to turnout","to turn out"
"1072","to turnover","to turn over"
"1073","to wakeup","to wake up"
"1074","to walkout","to walk out"
"1075","to workaround","to work around"
"1076","to workout","to work out"
"1077","too also","""also, to also, too"""
"1078","too be","to be"
"1079","took affect","took effect"
"1080","took and interest","took an interest"
"1081","took over the reigns","took over the reins"
"1082","took the reigns","took the reins"
"1083","tot he","to the"
"1084","tried to used","tried to use"
"1085","try and achieve","try to achieve"
"1086","try and add","try to add"
"1087","try and answer","try to answer"
"1088","try and attract","try to attract"
"1089","try and avoid","try to avoid"
"1090","try and be","try to be"
"1091","try and beat","try to beat"
"1092","try and become","try to become"
"1093","try and bring","try to bring"
"1094","try and build","try to build"
"1095","try and catch","try to catch"
"1096","try and change","try to change"
"1097","try and come","try to come"
"1098","try and decide","try to decide"
"1099","try and do","try to do"
"1100","try and eat","try to eat"
"1101","try and escape","try to escape"
"1102","try and figure","try to figure"
"1103","try and find","try to find"
"1104","try and fix","try to fix"
"1105","try and gain","try to gain"
"1106","try and get","try to get"
"1107","try and give","try to give"
"1108","try and go","try to go"
"1109","try and help","try to help"
"1110","try and hide","try to hide"
"1111","try and hit","try to hit"
"1112","try and hold","try to hold"
"1113","try and keep","try to keep"
"1114","try and locate","try to locate"
"1115","try and make","try to make"
"1116","try and move","try to move"
"1117","try and obtain","try to obtain"
"1118","try and play","try to play"
"1119","try and prevent","try to prevent"
"1120","try and protect","try to prove"
"1121","try and prove","try to prove"
"1122","try and see","try to see"
"1123","try and show","try to show"
"1124","try and slow","try to slow"
"1125","try and solve","try to solve"
"1126","try and spare","try to spare"
"1127","try and start","try to start"
"1128","try and stay","try to stay"
"1129","try and stop","try to stop"
"1130","try and support","try to support"
"1131","try and take","try to take"
"1132","try and talk","try to talk"
"1133","try and tell","try to tell"
"1134","try and understand","try to understand"
"1135","try and use","try to use"
"1136","try and win","try to win"
"1137","turn for the worst","turn for the worse"
"1138","twice as much than","twice as much as"
"1139","two in a half","two and a half"
"1140","two times less than","half as much as"
"1141","under go","undergo"
"1142","under going","undergoing"
"1143","under gone","undergone"
"1144","under it's  "," under its"
"1145","under rated","underrated"
"1146","under take","undertake"
"1147","under wear","underwear"
"1148","under went","underwent"
"1149","underneath it's   "," underneath its"
"1150","United State's  "," United States'"
"1151","United Stats","United States"
"1152","Unites States","United States"
"1153","unlike it's   "," unlike its"
"1154","until it's  "," until its"
"1155","up field","upfield"
"1156","up it's   "," up its"
"1157","up side","upside"
"1158","up until","until"
"1159","upon it's   "," upon its"
"1160","USD dollars","""US dollars, USD"""
"1161","USD$","""US dollars, US$"""
"1162","use to","""used to, commonly"""
"1163","use to be","used to be"
"1164","use to have","used to have"
"1165","usually know as","usually known as"
"1166","usually know by","usually known by"
"1167","usually know for","usually known for"
"1168","very minimal","""minimal, very little, very small"""
"1169","very optimal","""optimal, very good"""
"1170","very unique","""unique, very unusual"""
"1171","via it's  "," via its"
"1172","VIN number","""vehicle identification number, VIN"""
"1173","vise versa","vice versa"
"1174","vocal chords","""vocal cords, vocal folds"""
"1175","waived off","waved off"
"1176","warn out","worn out"
"1177","was aloud","was allowed"
"1178","was be ","""was, was being, was to be"""
"1179","was been","""has been, was being"""
"1180","was began","was begun"
"1181","was build","was built"
"1182","was comprised from","""comprised, was composed from"""
"1183","was comprised with","comprised"
"1184","was do to","was due to"
"1185","was drew","was drawn"
"1186","was knew","was known"
"1187","was lain","was laid"
"1188","was laying on","was lying on"
"1189","was lead by","was led by"
"1190","was loathe to","was loath to"
"1191","was meet by","was met by"
"1192","was meet with","was met with"
"1193","was ran","was run"
"1194","was release","was released"
"1195","was reran","was rerun"
"1196","was rode","was ridden"
"1197","was sang","was sung"
"1198","was setup","was set up"
"1199","was shook","was shaken"
"1200","was show on","was shown on"
"1201","was showed","was shown"
"1202","was shutdown","was shut down"
"1203","was shutout","was shut out"
"1204","was sold-out","was sold out"
"1205","was suppose to","was supposed to"
"1206","was though that","was thought that"
"1207","was took","was taken"
"1208","was tore","was torn"
"1209","was wrote","was written"
"1210","was use to","was used to"
"1211","way side","wayside"
"1212","weather or not","whether or not"
"1213","went threw","went through"
"1214","were aloud","were allowed"
"1215","were been","""have been, were being"""
"1216","were began","were begun"
"1217","were build","were built"
"1218","were comprised with","comprised"
"1219","were drew","were drawn"
"1220","were lain","were laid"
"1221","were lead by","were led by"
"1222","were loathe to","were loath to"
"1223","were meet by","were met by"
"1224","were meet with","were met with"
"1225","were ran","were run"
"1226","were rode","were ridden"
"1227","were sang","were sung"
"1228","were setup","were set up"
"1229","were showed","were shown"
"1230","were shutdown","were shut down"
"1231","were shutout","were shut out"
"1232","were suppose to","were supposed to"
"1233","were took","were taken"
"1234","were tore","were torn"
"1235","were use to","were used to"
"1236","were wrote","were written"
"1237","wether or not","whether or not"
"1238","when into","went into"
"1239","when on to","went on to"
"1240","where abouts","whereabouts"
"1241","where as","whereas"
"1242","where being","were being"
"1243","where by","whereby"
"1244","where made","were made"
"1245","where taken","were taken"
"1246","where upon","whereupon"
"1247","which breakdown","which break down"
"1248","which had lead","which had led"
"1249","which has lead","which has led"
"1250","which have lead","which have led"
"1251","which maybe","which may be"
"1252","which where","which were"
"1253","who had lead","who had led"
"1254","who has lead","who has led"
"1255","who have lead","who have led"
"1256","who he led","whom he led"
"1257","who he married","whom he married"
"1258","who he met","whom he met"
"1259","who he took","whom he took"
"1260","who lead","who led"
"1261","who maybe","who may be"
"1262","who setup","who set up"
"1263","who to believe","whom to believe"
"1264","who to blame","whom to blame"
"1265","who to call","whom to call"
"1266","who to invite","whom to invite"
"1267","who to send","whom to send"
"1268","who use to","who used to"
"1269","who where","who were"
"1270","who's actual  "," whose actual"
"1271","who's brother   "," whose brother"
"1272","who's father  "," whose father"
"1273","who's first   "," whose first"
"1274","who's last  "," whose last"
"1275","who's mother  "," whose mother"
"1276","who's name  "," whose name"
"1277","who's own   "," whose own"
"1278","who's previous  "," whose previous"
"1279","whom also","who also"
"1280","whom is","who is"
"1281","whom was","who was"
"1282","will backup","will back up"
"1283","will comprise of","""will be composed of, will comprise, will consist of"""
"1284","will likely","will probably"
"1285","will workout","will work out"
"1286","with he","""with him, with the"""
"1287","with in","within"
"1288","with it's   "," with its"
"1289","with out","without"
"1290","with who","with whom"
"1291","within it's   "," within its"
"1292","within site of","within sight of"
"1293","without it's  "," without its"
"1294","Word War I","World War I"
"1295","Word War II","World War II"
"1296","working progress","work in progress"
"1297","world wide","worldwide"
"1298","worse that","worse than"
"1299","worse then","worse than"
"1300","worse-case scenario","worst-case scenario"
"1301","worst comes to worst","worse comes to worst"
"1302","worst than","worse than"
"1303","worth while","worthwhile"
"1304","would been","""would be, would have been"""
"1305","would comeback","would come back"
"1306","would comprise of","""would comprise, would consist of"""
"1307","would of been","would have been"
"1308","would of done","would have done"
"1309","would workout","would work out"
"1310","wreck havoc","wreak havoc"
"1311","younger that","younger than"
"1312","younger then","younger than"
"1314","%er then","than"
"1315","base on","based on (""base on"" may be acceptable, depending on context)"
"1316","its an","it's an"
